run_id,scenario,period,spread,deposit,desc,report,net_profit,profit_factor,max_dd_money,max_dd_pct,rel_dd_pct,net_per_dd,orders,baskets,losing_baskets,worst_basket,largest_order_loss,gross_order_loss,depth_L1,depth_L2,depth_L3,depth_L4plus,max_basket_lots
K0_P5,K0,P5,20,3000,"Putaran 18 cepat: E2 baseline (laporan putaran 17 dipakai ulang, tidak dijalankan lagi)",C:\Penelitian_EA\BioOnePro\repo\backtests\runs\K0_P5.htm,-334.09,0.89,791.67,25.85,25.85,-0.42,722,561,43,-257.32,-142.56,-3072.14,476,38,23,24,0.1
M1_P5,M1,P5,20,3000,"Putaran 18 cepat: E2 + L1 runner: trailing ATR lebar, tanpa trailing ketat Stochastic",C:\Penelitian_EA\BioOnePro\repo\backtests\runs\M1_P5.htm,-535.65,0.9,1002.99,29.93,29.93,-0.53,551,336,59,-268.33,-168.7,-5251.93,221,50,39,26,0.12
M2_P5,M2,P5,20,3000,"Putaran 18 cepat: E2 + trend pyramid (maks 2 tambahan, tiap 1x ATR M15)",C:\Penelitian_EA\BioOnePro\repo\backtests\runs\M2_P5.htm,-845.91,0.78,1215.93,40.14,40.14,-0.7,1025,572,155,-241.28,-142.56,-3768.61,302,153,70,47,0.28
M3_P5,M3,P5,20,3000,Putaran 18 cepat: E2 + M1 + M2 + risiko 10%,C:\Penelitian_EA\BioOnePro\repo\backtests\runs\M3_P5.htm,-1822.39,0.82,1934.24,63.62,63.62,-0.94,1347,302,127,-313.77,-185.0,-9965.83,74,63,38,127,0.84
K0_P3,K0,P3,20,3000,"Putaran 18 cepat: E2 baseline (laporan putaran 17 dipakai ulang, tidak dijalankan lagi)",C:\Penelitian_EA\BioOnePro\repo\backtests\runs\K0_P3.htm,249.43,1.07,566.0,15.59,15.59,0.44,760,594,33,-283.14,-193.83,-3470.39,491,67,17,19,0.1
M1_P3,M1,P3,20,3000,"Putaran 18 cepat: E2 + L1 runner: trailing ATR lebar, tanpa trailing ketat Stochastic",C:\Penelitian_EA\BioOnePro\repo\backtests\runs\M1_P3.htm,124.66,1.02,691.36,18.84,18.84,0.18,583,362,63,-291.75,-196.39,-5474.55,232,75,31,24,0.11
M2_P3,M2,P3,20,3000,"Putaran 18 cepat: E2 + trend pyramid (maks 2 tambahan, tiap 1x ATR M15)",C:\Penelitian_EA\BioOnePro\repo\backtests\runs\M2_P3.htm,497.88,1.12,730.22,19.56,19.56,0.68,1013,592,115,-304.8,-193.83,-4277.38,329,156,70,37,0.12
M3_P3,M3,P3,20,3000,Putaran 18 cepat: E2 + M1 + M2 + risiko 10%,C:\Penelitian_EA\BioOnePro\repo\backtests\runs\M3_P3.htm,-272.18,0.97,1365.29,38.01,38.01,-0.2,1410,320,113,-377.99,-231.77,-10758.43,91,66,45,118,0.66
K0_P1D,K0,P1D,20,3000,"Putaran 18 cepat: E2 baseline (laporan putaran 17 dipakai ulang, tidak dijalankan lagi)",C:\Penelitian_EA\BioOnePro\repo\backtests\runs\K0_P1D.htm,883.1,2.22,240.71,6.63,6.63,3.67,435,423,15,-107.96,-107.96,-724.99,414,7,1,1,0.04
M1_P1D,M1,P1D,20,3000,"Putaran 18 cepat: E2 + L1 runner: trailing ATR lebar, tanpa trailing ketat Stochastic",C:\Penelitian_EA\BioOnePro\repo\backtests\runs\M1_P1D.htm,698.56,1.19,578.74,16.16,16.16,1.21,320,283,29,-284.55,-194.37,-3585.79,250,29,4,0,0.03
M2_P1D,M2,P1D,20,3000,"Putaran 18 cepat: E2 + trend pyramid (maks 2 tambahan, tiap 1x ATR M15)",C:\Penelitian_EA\BioOnePro\repo\backtests\runs\M2_P1D.htm,864.33,1.89,262.24,7.22,7.22,3.3,483,431,37,-107.96,-107.96,-969.11,384,43,3,1,0.06
M3_P1D,M3,P1D,20,3000,Putaran 18 cepat: E2 + M1 + M2 + risiko 10%,C:\Penelitian_EA\BioOnePro\repo\backtests\runs\M3_P1D.htm,2040.84,1.23,905.9,20.67,20.67,2.25,889,267,93,-464.12,-320.38,-8816.84,107,35,40,85,0.31
