time,currency,event
2022.01.04 15:00,USD,ISM Manufacturing PMI
2022.01.06 15:00,USD,ISM Services PMI
2022.01.07 13:30,USD,Nonfarm Payrolls
2022.01.11 15:00,USD,Ketua Fed testimony (Senat/DPR)
2022.01.12 13:30,USD,CPI
2022.01.13 13:30,USD,PPI
2022.01.14 13:30,USD,Retail Sales
2022.01.26 19:00,USD,FOMC rate decision
2022.01.26 19:30,USD,FOMC press conference
2022.01.27 13:30,USD,GDP (advance)
2022.01.28 13:30,USD,Core PCE
2022.02.01 15:00,USD,ISM Manufacturing PMI
2022.02.03 15:00,USD,ISM Services PMI
2022.02.04 13:30,USD,Nonfarm Payrolls
2022.02.10 13:30,USD,CPI
2022.02.15 13:30,USD,PPI
2022.02.16 13:30,USD,Retail Sales
2022.02.25 13:30,USD,Core PCE
2022.03.01 15:00,USD,ISM Manufacturing PMI
2022.03.02 15:00,USD,Ketua Fed testimony (Senat/DPR)
2022.03.03 15:00,USD,ISM Services PMI
2022.03.03 15:00,USD,Ketua Fed testimony (Senat/DPR)
2022.03.04 13:30,USD,Nonfarm Payrolls
2022.03.10 13:30,USD,CPI
2022.03.15 12:30,USD,PPI
2022.03.16 12:30,USD,Retail Sales
2022.03.16 18:00,USD,FOMC rate decision
2022.03.16 18:30,USD,FOMC press conference
2022.03.31 12:30,USD,Core PCE
2022.04.01 12:30,USD,Nonfarm Payrolls
2022.04.01 14:00,USD,ISM Manufacturing PMI
2022.04.05 14:00,USD,ISM Services PMI
2022.04.12 12:30,USD,CPI
2022.04.13 12:30,USD,PPI
2022.04.14 12:30,USD,Retail Sales
2022.04.28 12:30,USD,GDP (advance)
2022.04.29 12:30,USD,Core PCE
2022.05.02 14:00,USD,ISM Manufacturing PMI
2022.05.04 14:00,USD,ISM Services PMI
2022.05.04 18:00,USD,FOMC rate decision
2022.05.04 18:30,USD,FOMC press conference
2022.05.06 12:30,USD,Nonfarm Payrolls
2022.05.11 12:30,USD,CPI
2022.05.12 12:30,USD,PPI
2022.05.17 12:30,USD,Retail Sales
2022.05.27 12:30,USD,Core PCE
2022.06.01 14:00,USD,ISM Manufacturing PMI
2022.06.03 12:30,USD,Nonfarm Payrolls
2022.06.03 14:00,USD,ISM Services PMI
2022.06.10 12:30,USD,CPI
2022.06.14 12:30,USD,PPI
2022.06.15 12:30,USD,Retail Sales
2022.06.15 18:00,USD,FOMC rate decision
2022.06.15 18:30,USD,FOMC press conference
2022.06.22 14:00,USD,Ketua Fed testimony (Senat/DPR)
2022.06.23 14:00,USD,Ketua Fed testimony (Senat/DPR)
2022.06.30 12:30,USD,Core PCE
2022.07.01 14:00,USD,ISM Manufacturing PMI
2022.07.06 14:00,USD,ISM Services PMI
2022.07.08 12:30,USD,Nonfarm Payrolls
2022.07.13 12:30,USD,CPI
2022.07.14 12:30,USD,PPI
2022.07.15 12:30,USD,Retail Sales
2022.07.27 18:00,USD,FOMC rate decision
2022.07.27 18:30,USD,FOMC press conference
2022.07.28 12:30,USD,GDP (advance)
2022.07.29 12:30,USD,Core PCE
2022.08.01 14:00,USD,ISM Manufacturing PMI
2022.08.03 14:00,USD,ISM Services PMI
2022.08.05 12:30,USD,Nonfarm Payrolls
2022.08.10 12:30,USD,CPI
2022.08.11 12:30,USD,PPI
2022.08.17 12:30,USD,Retail Sales
2022.08.26 12:30,USD,Core PCE
2022.09.01 14:00,USD,ISM Manufacturing PMI
2022.09.02 12:30,USD,Nonfarm Payrolls
2022.09.06 14:00,USD,ISM Services PMI
2022.09.13 12:30,USD,CPI
2022.09.14 12:30,USD,PPI
2022.09.15 12:30,USD,Retail Sales
2022.09.21 18:00,USD,FOMC rate decision
2022.09.21 18:30,USD,FOMC press conference
2022.09.30 12:30,USD,Core PCE
2022.10.03 14:00,USD,ISM Manufacturing PMI
2022.10.05 14:00,USD,ISM Services PMI
2022.10.07 12:30,USD,Nonfarm Payrolls
2022.10.12 12:30,USD,PPI
2022.10.13 12:30,USD,CPI
2022.10.14 12:30,USD,Retail Sales
2022.10.27 12:30,USD,GDP (advance)
2022.10.28 12:30,USD,Core PCE
2022.11.01 14:00,USD,ISM Manufacturing PMI
2022.11.02 18:00,USD,FOMC rate decision
2022.11.02 18:30,USD,FOMC press conference
2022.11.03 14:00,USD,ISM Services PMI
2022.11.04 12:30,USD,Nonfarm Payrolls
2022.11.10 13:30,USD,CPI
2022.11.15 13:30,USD,PPI
2022.11.16 13:30,USD,Retail Sales
2022.12.01 13:30,USD,Core PCE
2022.12.01 15:00,USD,ISM Manufacturing PMI
2022.12.02 13:30,USD,Nonfarm Payrolls
2022.12.05 15:00,USD,ISM Services PMI
2022.12.09 13:30,USD,PPI
2022.12.13 13:30,USD,CPI
2022.12.14 19:00,USD,FOMC rate decision
2022.12.14 19:30,USD,FOMC press conference
2022.12.15 13:30,USD,Retail Sales
2022.12.23 13:30,USD,Core PCE
2023.01.04 15:00,USD,ISM Manufacturing PMI
2023.01.06 13:30,USD,Nonfarm Payrolls
2023.01.06 15:00,USD,ISM Services PMI
2023.01.12 13:30,USD,CPI
2023.01.18 13:30,USD,Retail Sales
2023.01.18 13:30,USD,PPI
2023.01.26 13:30,USD,GDP (advance)
2023.01.27 13:30,USD,Core PCE
2023.02.01 15:00,USD,ISM Manufacturing PMI
2023.02.01 19:00,USD,FOMC rate decision
2023.02.01 19:30,USD,FOMC press conference
2023.02.03 13:30,USD,Nonfarm Payrolls
2023.02.03 15:00,USD,ISM Services PMI
2023.02.14 13:30,USD,CPI
2023.02.15 13:30,USD,Retail Sales
2023.02.16 13:30,USD,PPI
2023.02.24 13:30,USD,Core PCE
2023.03.01 15:00,USD,ISM Manufacturing PMI
2023.03.03 15:00,USD,ISM Services PMI
2023.03.07 15:00,USD,Ketua Fed testimony (Senat/DPR)
2023.03.08 15:00,USD,Ketua Fed testimony (Senat/DPR)
2023.03.10 13:30,USD,Nonfarm Payrolls
2023.03.14 12:30,USD,CPI
2023.03.15 12:30,USD,PPI
2023.03.15 12:30,USD,Retail Sales
2023.03.22 18:00,USD,FOMC rate decision
2023.03.22 18:30,USD,FOMC press conference
2023.03.31 12:30,USD,Core PCE
2023.04.03 14:00,USD,ISM Manufacturing PMI
2023.04.05 14:00,USD,ISM Services PMI
2023.04.07 12:30,USD,Nonfarm Payrolls
2023.04.12 12:30,USD,CPI
2023.04.13 12:30,USD,PPI
2023.04.14 12:30,USD,Retail Sales
2023.04.27 12:30,USD,GDP (advance)
2023.04.28 12:30,USD,Core PCE
2023.05.01 14:00,USD,ISM Manufacturing PMI
2023.05.03 14:00,USD,ISM Services PMI
2023.05.03 18:00,USD,FOMC rate decision
2023.05.03 18:30,USD,FOMC press conference
2023.05.05 12:30,USD,Nonfarm Payrolls
2023.05.10 12:30,USD,CPI
2023.05.11 12:30,USD,PPI
2023.05.16 12:30,USD,Retail Sales
2023.05.26 12:30,USD,Core PCE
2023.06.01 14:00,USD,ISM Manufacturing PMI
2023.06.02 12:30,USD,Nonfarm Payrolls
2023.06.05 14:00,USD,ISM Services PMI
2023.06.13 12:30,USD,CPI
2023.06.14 12:30,USD,PPI
2023.06.14 18:00,USD,FOMC rate decision
2023.06.14 18:30,USD,FOMC press conference
2023.06.15 12:30,USD,Retail Sales
2023.06.21 14:00,USD,Ketua Fed testimony (Senat/DPR)
2023.06.22 14:00,USD,Ketua Fed testimony (Senat/DPR)
2023.06.30 12:30,USD,Core PCE
2023.07.03 14:00,USD,ISM Manufacturing PMI
2023.07.06 14:00,USD,ISM Services PMI
2023.07.07 12:30,USD,Nonfarm Payrolls
2023.07.12 12:30,USD,CPI
2023.07.13 12:30,USD,PPI
2023.07.18 12:30,USD,Retail Sales
2023.07.26 18:00,USD,FOMC rate decision
2023.07.26 18:30,USD,FOMC press conference
2023.07.27 12:30,USD,GDP (advance)
2023.07.28 12:30,USD,Core PCE
2023.08.01 14:00,USD,ISM Manufacturing PMI
2023.08.03 14:00,USD,ISM Services PMI
2023.08.04 12:30,USD,Nonfarm Payrolls
2023.08.10 12:30,USD,CPI
2023.08.11 12:30,USD,PPI
2023.08.15 12:30,USD,Retail Sales
2023.08.31 12:30,USD,Core PCE
2023.09.01 12:30,USD,Nonfarm Payrolls
2023.09.01 14:00,USD,ISM Manufacturing PMI
2023.09.06 14:00,USD,ISM Services PMI
2023.09.13 12:30,USD,CPI
2023.09.14 12:30,USD,Retail Sales
2023.09.14 12:30,USD,PPI
2023.09.20 18:00,USD,FOMC rate decision
2023.09.20 18:30,USD,FOMC press conference
2023.09.29 12:30,USD,Core PCE
2023.10.02 14:00,USD,ISM Manufacturing PMI
2023.10.04 14:00,USD,ISM Services PMI
2023.10.06 12:30,USD,Nonfarm Payrolls
2023.10.11 12:30,USD,PPI
2023.10.12 12:30,USD,CPI
2023.10.17 12:30,USD,Retail Sales
2023.10.26 12:30,USD,GDP (advance)
2023.10.27 12:30,USD,Core PCE
2023.11.01 14:00,USD,ISM Manufacturing PMI
2023.11.01 18:00,USD,FOMC rate decision
2023.11.01 18:30,USD,FOMC press conference
2023.11.03 12:30,USD,Nonfarm Payrolls
2023.11.03 14:00,USD,ISM Services PMI
2023.11.14 13:30,USD,CPI
2023.11.15 13:30,USD,PPI
2023.11.15 13:30,USD,Retail Sales
2023.11.30 13:30,USD,Core PCE
2023.12.01 15:00,USD,ISM Manufacturing PMI
2023.12.05 15:00,USD,ISM Services PMI
2023.12.08 13:30,USD,Nonfarm Payrolls
2023.12.12 13:30,USD,CPI
2023.12.13 13:30,USD,PPI
2023.12.13 19:00,USD,FOMC rate decision
2023.12.13 19:30,USD,FOMC press conference
2023.12.14 13:30,USD,Retail Sales
2023.12.22 13:30,USD,Core PCE
2024.01.03 15:00,USD,ISM Manufacturing PMI
2024.01.05 13:30,USD,Nonfarm Payrolls
2024.01.05 15:00,USD,ISM Services PMI
2024.01.11 13:30,USD,CPI
2024.01.12 13:30,USD,PPI
2024.01.17 13:30,USD,Retail Sales
2024.01.25 13:30,USD,GDP (advance)
2024.01.26 13:30,USD,Core PCE
2024.01.31 19:00,USD,FOMC rate decision
2024.01.31 19:30,USD,FOMC press conference
2024.02.01 15:00,USD,ISM Manufacturing PMI
2024.02.02 13:30,USD,Nonfarm Payrolls
2024.02.05 15:00,USD,ISM Services PMI
2024.02.13 13:30,USD,CPI
2024.02.15 13:30,USD,Retail Sales
2024.02.16 13:30,USD,PPI
2024.02.29 13:30,USD,Core PCE
2024.03.01 15:00,USD,ISM Manufacturing PMI
2024.03.05 15:00,USD,ISM Services PMI
2024.03.06 15:00,USD,Ketua Fed testimony (Senat/DPR)
2024.03.07 15:00,USD,Ketua Fed testimony (Senat/DPR)
2024.03.08 13:30,USD,Nonfarm Payrolls
2024.03.12 12:30,USD,CPI
2024.03.14 12:30,USD,PPI
2024.03.14 12:30,USD,Retail Sales
2024.03.20 18:00,USD,FOMC rate decision
2024.03.20 18:30,USD,FOMC press conference
2024.03.29 12:30,USD,Core PCE
2024.04.01 14:00,USD,ISM Manufacturing PMI
2024.04.03 14:00,USD,ISM Services PMI
2024.04.05 12:30,USD,Nonfarm Payrolls
2024.04.10 12:30,USD,CPI
2024.04.11 12:30,USD,PPI
2024.04.15 12:30,USD,Retail Sales
2024.04.25 12:30,USD,GDP (advance)
2024.04.26 12:30,USD,Core PCE
2024.05.01 14:00,USD,ISM Manufacturing PMI
2024.05.01 18:00,USD,FOMC rate decision
2024.05.01 18:30,USD,FOMC press conference
2024.05.03 12:30,USD,Nonfarm Payrolls
2024.05.03 14:00,USD,ISM Services PMI
2024.05.14 12:30,USD,PPI
2024.05.15 12:30,USD,Retail Sales
2024.05.15 12:30,USD,CPI
2024.05.31 12:30,USD,Core PCE
2024.06.03 14:00,USD,ISM Manufacturing PMI
2024.06.05 14:00,USD,ISM Services PMI
2024.06.07 12:30,USD,Nonfarm Payrolls
2024.06.12 12:30,USD,CPI
2024.06.12 18:00,USD,FOMC rate decision
2024.06.12 18:30,USD,FOMC press conference
2024.06.13 12:30,USD,PPI
2024.06.18 12:30,USD,Retail Sales
2024.06.28 12:30,USD,Core PCE
2024.07.01 14:00,USD,ISM Manufacturing PMI
2024.07.03 14:00,USD,ISM Services PMI
2024.07.05 12:30,USD,Nonfarm Payrolls
2024.07.09 14:00,USD,Ketua Fed testimony (Senat/DPR)
2024.07.10 14:00,USD,Ketua Fed testimony (Senat/DPR)
2024.07.11 12:30,USD,CPI
2024.07.12 12:30,USD,PPI
2024.07.16 12:30,USD,Retail Sales
2024.07.25 12:30,USD,GDP (advance)
2024.07.26 12:30,USD,Core PCE
2024.07.31 18:00,USD,FOMC rate decision
2024.07.31 18:30,USD,FOMC press conference
2024.08.01 14:00,USD,ISM Manufacturing PMI
2024.08.02 12:30,USD,Nonfarm Payrolls
2024.08.05 14:00,USD,ISM Services PMI
2024.08.13 12:30,USD,PPI
2024.08.14 12:30,USD,CPI
2024.08.15 12:30,USD,Retail Sales
2024.08.30 12:30,USD,Core PCE
2024.09.03 14:00,USD,ISM Manufacturing PMI
2024.09.05 14:00,USD,ISM Services PMI
2024.09.06 12:30,USD,Nonfarm Payrolls
2024.09.11 12:30,USD,CPI
2024.09.12 12:30,USD,PPI
2024.09.17 12:30,USD,Retail Sales
2024.09.18 18:00,USD,FOMC rate decision
2024.09.18 18:30,USD,FOMC press conference
2024.09.27 12:30,USD,Core PCE
2024.10.01 14:00,USD,ISM Manufacturing PMI
2024.10.03 14:00,USD,ISM Services PMI
2024.10.04 12:30,USD,Nonfarm Payrolls
2024.10.10 12:30,USD,CPI
2024.10.11 12:30,USD,PPI
2024.10.17 12:30,USD,Retail Sales
2024.10.30 12:30,USD,GDP (advance)
2024.10.31 12:30,USD,Core PCE
2024.11.01 12:30,USD,Nonfarm Payrolls
2024.11.01 14:00,USD,ISM Manufacturing PMI
2024.11.05 15:00,USD,ISM Services PMI
2024.11.07 19:00,USD,FOMC rate decision
2024.11.07 19:30,USD,FOMC press conference
2024.11.13 13:30,USD,CPI
2024.11.14 13:30,USD,PPI
2024.11.15 13:30,USD,Retail Sales
2024.11.27 13:30,USD,Core PCE
2024.12.02 15:00,USD,ISM Manufacturing PMI
2024.12.04 15:00,USD,ISM Services PMI
2024.12.06 13:30,USD,Nonfarm Payrolls
2024.12.11 13:30,USD,CPI
2024.12.12 13:30,USD,PPI
2024.12.17 13:30,USD,Retail Sales
2024.12.18 19:00,USD,FOMC rate decision
2024.12.18 19:30,USD,FOMC press conference
2024.12.20 13:30,USD,Core PCE
2025.01.03 15:00,USD,ISM Manufacturing PMI
2025.01.07 15:00,USD,ISM Services PMI
2025.01.10 13:30,USD,Nonfarm Payrolls
2025.01.14 13:30,USD,PPI
2025.01.15 13:30,USD,CPI
2025.01.16 13:30,USD,Retail Sales
2025.01.29 19:00,USD,FOMC rate decision
2025.01.29 19:30,USD,FOMC press conference
2025.01.30 13:30,USD,GDP (advance)
2025.01.31 13:30,USD,Core PCE
2025.02.03 15:00,USD,ISM Manufacturing PMI
2025.02.05 15:00,USD,ISM Services PMI
2025.02.07 13:30,USD,Nonfarm Payrolls
2025.02.11 15:00,USD,Ketua Fed testimony (Senat/DPR)
2025.02.12 13:30,USD,CPI
2025.02.12 15:00,USD,Ketua Fed testimony (Senat/DPR)
2025.02.13 13:30,USD,PPI
2025.02.14 13:30,USD,Retail Sales
2025.02.28 13:30,USD,Core PCE
2025.03.03 15:00,USD,ISM Manufacturing PMI
2025.03.05 15:00,USD,ISM Services PMI
2025.03.07 13:30,USD,Nonfarm Payrolls
2025.03.12 12:30,USD,CPI
2025.03.13 12:30,USD,PPI
2025.03.17 12:30,USD,Retail Sales
2025.03.19 18:00,USD,FOMC rate decision
2025.03.19 18:30,USD,FOMC press conference
2025.03.28 12:30,USD,Core PCE
2025.04.01 14:00,USD,ISM Manufacturing PMI
2025.04.03 14:00,USD,ISM Services PMI
2025.04.04 12:30,USD,Nonfarm Payrolls
2025.04.30 12:30,USD,GDP (advance)
2025.04.30 12:30,USD,Core PCE
2025.05.01 14:00,USD,ISM Manufacturing PMI
2025.05.02 12:30,USD,Nonfarm Payrolls
2025.05.05 14:00,USD,ISM Services PMI
2025.05.07 18:00,USD,FOMC rate decision
2025.05.07 18:30,USD,FOMC press conference
2025.05.14 12:30,USD,CPI
2025.05.15 12:30,USD,PPI
2025.05.15 12:30,USD,Retail Sales
2025.05.30 12:30,USD,Core PCE
2025.06.02 14:00,USD,ISM Manufacturing PMI
2025.06.04 14:00,USD,ISM Services PMI
2025.06.06 12:30,USD,Nonfarm Payrolls
2025.06.11 12:30,USD,CPI
2025.06.12 12:30,USD,PPI
2025.06.17 12:30,USD,Retail Sales
2025.06.18 18:00,USD,FOMC rate decision
2025.06.18 18:30,USD,FOMC press conference
2025.06.27 12:30,USD,Core PCE
2025.07.01 14:00,USD,ISM Manufacturing PMI
2025.07.03 12:30,USD,Nonfarm Payrolls
2025.07.03 14:00,USD,ISM Services PMI
2025.07.16 12:30,USD,CPI
2025.07.16 12:30,USD,PPI
2025.07.16 12:30,USD,Retail Sales
2025.07.30 12:30,USD,GDP (advance)
2025.07.30 18:00,USD,FOMC rate decision
2025.07.30 18:30,USD,FOMC press conference
2025.07.31 12:30,USD,Core PCE
2025.08.01 12:30,USD,Nonfarm Payrolls
2025.08.01 14:00,USD,ISM Manufacturing PMI
2025.08.05 14:00,USD,ISM Services PMI
2025.08.13 12:30,USD,CPI
2025.08.14 12:30,USD,PPI
2025.08.15 12:30,USD,Retail Sales
2025.08.29 12:30,USD,Core PCE
2025.09.02 14:00,USD,ISM Manufacturing PMI
2025.09.04 14:00,USD,ISM Services PMI
2025.09.05 12:30,USD,Nonfarm Payrolls
2025.09.10 12:30,USD,PPI
2025.09.11 12:30,USD,CPI
2025.09.16 12:30,USD,Retail Sales
2025.09.17 18:00,USD,FOMC rate decision
2025.09.17 18:30,USD,FOMC press conference
2025.09.26 12:30,USD,Core PCE
2025.10.01 14:00,USD,ISM Manufacturing PMI
2025.10.03 14:00,USD,ISM Services PMI
2025.10.24 12:30,USD,CPI
2025.10.29 18:00,USD,FOMC rate decision
2025.10.29 18:30,USD,FOMC press conference
2025.11.03 15:00,USD,ISM Manufacturing PMI
2025.11.05 15:00,USD,ISM Services PMI
2025.11.13 13:30,USD,CPI
2025.11.20 13:30,USD,Nonfarm Payrolls
2025.11.25 13:30,USD,PPI
2025.12.01 15:00,USD,ISM Manufacturing PMI
2025.12.03 15:00,USD,ISM Services PMI
2025.12.10 19:00,USD,FOMC rate decision
2025.12.10 19:30,USD,FOMC press conference
2025.12.11 13:30,USD,PPI
2025.12.16 13:30,USD,Nonfarm Payrolls
2025.12.18 13:30,USD,CPI
2026.01.05 15:00,USD,ISM Manufacturing PMI
2026.01.07 15:00,USD,ISM Services PMI
2026.01.09 13:30,USD,Nonfarm Payrolls
2026.01.13 13:30,USD,CPI
2026.01.14 13:30,USD,PPI
2026.01.15 13:30,USD,Retail Sales
2026.01.22 13:30,USD,Core PCE
2026.01.28 19:00,USD,FOMC rate decision
2026.01.28 19:30,USD,FOMC press conference
2026.01.30 13:30,USD,PPI
2026.02.02 15:00,USD,ISM Manufacturing PMI
2026.02.04 15:00,USD,ISM Services PMI
2026.02.11 13:30,USD,Nonfarm Payrolls
2026.02.13 13:30,USD,CPI
2026.02.13 13:30,USD,Retail Sales
2026.02.20 13:30,USD,GDP (advance)
2026.02.20 13:30,USD,Core PCE
2026.02.27 13:30,USD,PPI
2026.03.02 15:00,USD,ISM Manufacturing PMI
2026.03.04 15:00,USD,ISM Services PMI
2026.03.06 13:30,USD,Nonfarm Payrolls
2026.03.11 12:30,USD,CPI
2026.03.17 12:30,USD,Retail Sales
2026.03.18 12:30,USD,PPI
2026.03.18 18:00,USD,FOMC rate decision
2026.03.18 18:30,USD,FOMC press conference
2026.03.27 12:30,USD,Core PCE
2026.04.01 14:00,USD,ISM Manufacturing PMI
2026.04.03 12:30,USD,Nonfarm Payrolls
2026.04.03 14:00,USD,ISM Services PMI
2026.04.10 12:30,USD,CPI
2026.04.14 12:30,USD,PPI
2026.04.15 12:30,USD,Retail Sales
2026.04.29 18:00,USD,FOMC rate decision
2026.04.29 18:30,USD,FOMC press conference
2026.04.30 12:30,USD,GDP (advance)
2026.04.30 12:30,USD,Core PCE
2026.05.01 14:00,USD,ISM Manufacturing PMI
2026.05.05 14:00,USD,ISM Services PMI
2026.05.08 12:30,USD,Nonfarm Payrolls
2026.05.12 12:30,USD,CPI
2026.05.13 12:30,USD,PPI
2026.05.15 12:30,USD,Retail Sales
2026.05.29 12:30,USD,Core PCE
2026.06.01 14:00,USD,ISM Manufacturing PMI
2026.06.03 14:00,USD,ISM Services PMI
2026.06.05 12:30,USD,Nonfarm Payrolls
2026.06.10 12:30,USD,CPI
2026.06.11 12:30,USD,PPI
2026.06.16 12:30,USD,Retail Sales
2026.06.17 18:00,USD,FOMC rate decision
2026.06.17 18:30,USD,FOMC press conference
2026.06.26 12:30,USD,Core PCE
2026.07.01 14:00,USD,ISM Manufacturing PMI
2026.07.02 12:30,USD,Nonfarm Payrolls
2026.07.06 14:00,USD,ISM Services PMI
2026.07.14 12:30,USD,CPI
2026.07.15 12:30,USD,PPI
2026.07.16 12:30,USD,Retail Sales
2026.07.29 18:00,USD,FOMC rate decision
2026.07.29 18:30,USD,FOMC press conference
2026.07.30 12:30,USD,GDP (advance)
2026.07.31 12:30,USD,Core PCE
2026.08.03 14:00,USD,ISM Manufacturing PMI
2026.08.05 14:00,USD,ISM Services PMI
2026.08.07 12:30,USD,Nonfarm Payrolls
2026.08.12 12:30,USD,CPI
2026.08.13 12:30,USD,PPI
2026.08.14 12:30,USD,Retail Sales
2026.08.28 12:30,USD,Core PCE
2026.09.01 14:00,USD,ISM Manufacturing PMI
2026.09.03 14:00,USD,ISM Services PMI
2026.09.04 12:30,USD,Nonfarm Payrolls
2026.09.10 12:30,USD,PPI
2026.09.11 12:30,USD,CPI
2026.09.16 12:30,USD,Retail Sales
2026.09.16 18:00,USD,FOMC rate decision
2026.09.16 18:30,USD,FOMC press conference
